Number,Category,Sequence,Species
Hashtag 1,C,GTCAACTCTTTAGCG,human
Hashtag 2,C,TGATGGCCTATTGGG,human
Hashtag 3,C,TTCCGCCTCTCTTTG,human
Hashtag 4,C,AGTAAGTTCAGCGTA,human
Hashtag 5,C,AAGTATCGTTTCGCA,human
Hashtag 1,C,ACCCACCAGTAAGAC,mouse
Hashtag 2,C,GGTCGAGAGCATTCA,mouse
Hashtag 3,C,CTTGCCGCATGTCAT,mouse
Hashtag 4,C,AAAGCATTCTTCACG,mouse
Hashtag 5,C,CTTTGTCTTTGTGAG,mouse
Hashtag 6,C,TATGCTGCCACGGTA,mouse
Hashtag 7,C,GAGTCTGCCAGTATC,mouse
Hashtag 8,C,TATAGAACGCCAGGC,mouse
Hashtag 9,C,TGCCTATGAAACAAG,mouse
Hashtag 10,C,CCGATTGTAACAGAC,mouse
Hashtag 1,A,ACCCACCAGTAAGAC,mouse
Hashtag 2,A,GGTCGAGAGCATTCA,mouse
Hashtag 3,A,CTTGCCGCATGTCAT,mouse
Hashtag 4,A,AAAGCATTCTTCACG,mouse
Hashtag 5,A,CTTTGTCTTTGTGAG,mouse
Hashtag 6,A,TATGCTGCCACGGTA,mouse
Hashtag 7,A,GAGTCTGCCAGTATC,mouse
Hashtag 8,A,TATAGAACGCCAGGC,mouse
Hashtag 9,A,TGCCTATGAAACAAG,mouse
Hashtag 10,A,CCGATTGTAACAGAC,mouse
Hashtag 11,A,GCTTACCGAATTAAC,mouse
Hashtag 12,A,CTGCAAATATAACGG,mouse
Hashtag 13,A,CTACATTGCGATTTG,mouse
Hashtag 14,A,CTTTCGCCAACTCTG,mouse
Hashtag 15,A,CCCTCTCTGGATTCT,mouse
Hashtag 1,A,GTCAACTCTTTAGCG,human
Hashtag 2,A,TGATGGCCTATTGGG,human
Hashtag 3,A,TTCCGCCTCTCTTTG,human
Hashtag 4,A,AGTAAGTTCAGCGTA,human
Hashtag 5,A,AAGTATCGTTTCGCA,human
Hashtag 6,A,GGTTGCCAGATGTCA,human
Hashtag 7,A,TGTCTTTCCTGCCAG,human
Hashtag 8,A,CTCCTCTGCAATTAC,human
Hashtag 9,A,CAGTAGTCACGGTCA,human
Hashtag 10,A,ATTGACCCGCGTTAG,human
Hashtag 12,A,TAACGACCAGCCATA,human
Hashtag 13,A,AAATCTCTCAGGCTC,human
Hashtag 14,A,CTGTATGTCCGATTG,human
Hashtag 15,A,TAAGATTCAGAGCGA,human
Hashtag 6,C,GGTTGCCAGATGTCA,human
Hashtag 7,C,TGTCTTTCCTGCCAG,human
Hashtag 8,C,CTCCTCTGCAATTAC,human
Hashtag 9,C,CAGTAGTCACGGTCA,human
Hashtag 10,C,ATTGACCCGCGTTAG,human
Hashtag 12,C,TAACGACCAGCCATA,human
Hashtag 13,C,AAATCTCTCAGGCTC,human
Hashtag 14,C,CTGTATGTCCGATTG,human
Hashtag 15,C,TAAGATTCAGAGCGA,human
Hashtag 1,B,GTCAACTCTTTAGCG,human
Hashtag 2,B,TGATGGCCTATTGGG,human
Hashtag 3,B,TTCCGCCTCTCTTTG,human
Hashtag 4,B,AGTAAGTTCAGCGTA,human
Hashtag 5,B,AAGTATCGTTTCGCA,human
Hashtag 6,B,GGTTGCCAGATGTCA,human
Hashtag 7,B,TGTCTTTCCTGCCAG,human
Hashtag 8,B,CTCCTCTGCAATTAC,human
Hashtag 9,B,CAGTAGTCACGGTCA,human
Hashtag 10,B,ATTGACCCGCGTTAG,human
Hashtag 1,B,ACCCACCAGTAAGAC,mouse
Hashtag 2,B,GGTCGAGAGCATTCA,mouse
Hashtag 3,B,CTTGCCGCATGTCAT,mouse
Hashtag 4,B,AAAGCATTCTTCACG,mouse
Hashtag 5,B,CTTTGTCTTTGTGAG,mouse
Hashtag 6,B,TATGCTGCCACGGTA,mouse
Hashtag 7,B,GAGTCTGCCAGTATC,mouse
Hashtag 8,B,TATAGAACGCCAGGC,mouse
Hashtag 9,B,TGCCTATGAAACAAG,mouse
Hashtag 10,B,CCGATTGTAACAGAC,mouse